Repository,Forks,Total Issues,Closed Issues,Open PRs,Closed PRs,Merged PRs,Total Commits,Max Days Without Commit,Most Active Dev Commits,Contributors,Owner Projects,Owner Commits,Archived
Homebrew/legacy-homebrew,11356,50635,50635,0,33606,222,63882,836,12239,403,2,0,Archived
Prinzhorn/skrollr,3502,863,601,19,68,35,606,116,504,24,0,22,Archived
Shopify/dashing,1179,756,505,29,103,49,209,251,80,35,0,0,Archived
carhartl/jquery-cookie,4064,399,399,0,116,25,237,382,186,17,0,184,Archived
nhaarman/ListViewAnimations,1649,78,70,8,70,39,609,597,535,14,0,551,Archived
jscs-dev/node-jscs,513,2294,2294,0,986,192,2007,2473,644,203,0,0,Archived
lucasr/twoway-view,1021,289,121,19,29,11,356,236,341,9,0,341,Archived
nickoneill/PermissionScope,506,248,193,25,86,68,389,170,171,23,0,171,Archived
ECSlidingViewController/ECSlidingViewController,817,472,313,28,75,28,302,1239,245,22,0,0,Archived
mcxiaoke/android-volley,1562,184,115,8,37,8,1932,426,925,29,0,11,Archived
jariz/vibrant.js,236,45,43,2,12,6,22,374,16,7,0,16,Archived
stripe/jquery.payment,684,274,274,0,126,69,254,308,79,43,0,0,Archived
fex-team/ueditor,2410,263,202,61,202,148,3710,1444,1175,39,0,0,Archived
github/hubot-scripts,1863,1726,1726,0,1509,1213,3293,207,806,364,3,0,Archived
stephanenicolas/robospice,545,474,387,11,86,38,868,555,528,23,0,669,Archived
pedrovgs/DraggablePanel,606,133,77,5,19,13,385,224,289,7,0,313,Archived
evilsocket/bettercap,344,92,92,0,92,76,1017,143,707,27,0,869,Archived
lg/murder,269,23,15,3,11,2,60,1545,36,6,0,8,Archived
philipwalton/html-inspector,144,69,51,3,17,11,230,417,209,9,0,209,Archived
Linuxbrew/legacy-linuxbrew,297,1127,1127,0,425,14,64830,725,12239,402,0,0,Archived
jedireza/drywall,570,70,70,0,70,23,373,189,268,11,0,352,Archived
kazupon/vue-validator,431,352,296,3,60,48,1044,287,988,29,1,988,Archived
IdentityServer/IdentityServer3,764,3907,3816,19,255,133,2607,263,1462,48,0,0,Archived
malarkey/320andup,259,72,55,5,34,4,60,1150,40,2,0,0,Archived
chanjarster/weixin-java-tools,9841,83,83,0,83,39,380,239,330,11,0,330,Archived
minikomi/Bootstrap-Form-Builder,1056,144,144,0,14,8,157,440,129,4,0,143,Archived
nodejs/node-convergence-archive,97,82,77,5,15,3,11584,675,2485,413,1,0,Archived
digitalBush/jquery.maskedinput,1198,120,120,0,120,33,202,905,124,27,0,124,Archived
redbooth/teambox,408,43,28,15,28,5,4028,290,1206,31,0,0,Archived
javallone/regexper,219,63,57,1,14,6,120,432,113,6,0,113,Archived
msysgit/msysgit,594,332,332,0,123,79,1245,1051,482,56,0,0,Archived
skynetservices/skynet-archive,324,210,187,1,109,95,995,176,502,17,0,0,Archived
M66B/XPrivacy,526,2403,2332,0,943,805,8154,597,4548,70,0,2436,Archived
ReturnInfinity/BareMetal-OS-legacy,303,126,103,1,44,35,383,205,334,14,0,0,Archived
nefarius/ScpToolkit,537,1028,1028,0,25,22,1078,731,1027,15,0,1030,Archived
MattRix/UnityDecompiled,390,12,12,0,6,6,3,43,3,1,0,3,Archived
TonicArtos/StickyGridHeaders,442,130,130,0,19,13,172,135,143,7,0,138,Archived
heroku/legacy-cli,380,2068,1753,18,791,677,4302,1708,941,128,0,0,Archived
dz0ny/leapcast,174,144,140,0,36,26,171,270,49,18,0,2,Archived
babel/babylon,258,782,780,1,505,423,1767,360,450,127,0,0,Archived
designmodo/startup-demo,288,17,13,1,4,2,17,1064,5,5,0,0,Archived
jedireza/aqua,357,281,281,0,63,45,195,259,125,10,0,169,Archived
rgrove/lazyload,288,35,23,4,13,2,61,651,58,2,0,58,Archived
PocketMine/PocketMine-MP,660,4218,4195,4,747,201,4718,446,3042,54,0,0,Archived
pinggod/hexo-theme-apollo,520,34,34,0,34,20,147,1152,117,13,0,1,Archived
artursapek/mondrian,104,47,26,2,14,12,164,839,137,6,0,6,Archived
rashidkpc/kibana2,246,440,308,17,177,142,411,508,255,34,0,0,Archived
ubilabs/geocomplete,408,341,146,7,43,37,145,348,102,18,0,0,Archived
keithamus/jwerty,110,74,42,5,19,16,56,615,39,14,0,39,Archived
mhoofman/wordpress-heroku,706,135,82,5,49,30,112,379,39,15,0,41,Archived
shoes/shoes-deprecated,167,286,211,1,53,41,1842,1279,1221,46,0,0,Archived
jonikorpi/Frameless,214,13,4,3,3,1,22,1178,20,2,0,21,Archived
WardCunningham/Smallest-Federated-Wiki,177,451,346,6,200,175,1525,504,998,41,0,1000,Archived
Mechazawa/FuckFuckAdblock,72,31,24,0,9,8,44,232,30,7,0,22,Archived
YorickPeterse/oga,40,186,185,0,35,18,1266,716,1220,19,0,17,Archived
gratipay/gratipay.com,308,4655,4655,0,1797,1560,11709,430,7076,143,0,0,Archived
morr/jquery.appear,295,36,26,10,26,14,63,728,46,12,0,46,Archived
ms-iot/samples,1330,546,518,5,390,335,1657,228,448,57,0,0,Archived
MicrosoftEdge/static-code-scan,227,117,117,0,25,18,157,489,74,16,0,0,Archived
jacobian/djangobook.com,366,101,43,58,43,28,148,392,43,23,0,43,Archived
fzaninotto/screenshot-as-a-service,243,82,41,10,25,15,159,298,77,10,0,53,Archived
guardianproject/ChatSecureAndroid,522,763,599,2,286,260,2909,908,1813,33,0,0,Archived
josh/css-explain,50,6,6,0,6,4,40,854,38,3,0,38,Archived
nodemailer/mailparser,281,374,340,0,110,84,389,223,262,61,0,0,Archived
kossnocorp/jquery.turbolinks,64,67,48,2,20,17,141,559,88,8,0,88,Archived
cheeaun/mooeditable,118,71,46,3,15,7,427,419,317,13,0,318,Archived
fbrctr/fabricator,124,325,280,7,106,57,401,423,335,21,0,0,Archived
aspnet/dnx,224,3426,3426,0,1207,786,2789,226,1173,60,1,0,Archived
lucasr/smoothie,163,31,21,1,6,2,96,273,93,3,0,93,Archived
angular/angular.io,880,3571,3358,35,2353,1077,2861,201,418,325,0,0,Archived
mikemaccana/python-docx,349,32,26,6,26,8,180,315,99,13,0,99,Archived
emmenko/redux-react-router-async-example,131,67,54,2,24,19,148,674,131,13,0,131,Archived
anselmh/object-fit,93,50,42,0,12,10,90,103,58,13,0,58,Archived
wordpress-mobile/WordPress-Editor-iOS,210,911,755,1,238,227,1274,105,431,15,9,0,Archived
oakes/play-clj,72,112,103,1,31,25,808,505,754,11,0,774,Archived
AlexBarinov/UIBubbleTableView,232,90,27,12,11,5,36,391,26,4,0,0,Archived
desandro/classie,183,26,26,0,14,6,25,354,18,5,0,18,Archived
tjake/Solandra,150,188,129,3,32,17,443,103,352,8,0,239,Archived
oakes/SolidOak,60,69,52,0,13,8,300,199,278,8,0,290,Archived
timjansen/minified.js,69,8,7,1,7,3,618,317,388,4,0,615,Archived
Shopify/Timber,485,624,574,8,363,308,1287,470,1070,39,0,0,Archived
RaiMan/SikuliX-2014,235,309,246,2,78,67,2397,98,1737,20,0,1593,Archived
LeoNatan/LNNotificationsUI,115,56,56,0,20,10,66,172,47,9,0,26,Archived
RReverser/mpegts,155,39,36,0,5,4,137,609,89,4,0,130,Archived
puffnfresh/roy,74,206,142,2,58,48,508,73,328,29,0,328,Archived
brockallen/BrockAllen.MembershipReboot,238,709,683,0,104,64,853,141,743,31,0,743,Archived
customelements/www,61,544,536,1,68,47,491,250,353,26,0,0,Archived
heroku/hk,45,100,100,0,100,73,674,2177,342,28,0,0,Archived
YorickPeterse/ruby-lint,41,42,41,1,41,26,983,136,928,11,0,0,Archived
ztellman/lamina,57,95,95,0,55,39,704,128,416,18,0,633,Archived
sparkfun/phant,99,242,242,0,26,19,431,742,336,9,0,0,Archived
mattetti/googlecharts,108,88,54,6,26,8,148,437,62,22,0,62,Archived
sebastianbergmann/money,332,41,41,0,41,16,193,567,175,9,0,175,Archived
auth0/auth0-angular,58,652,641,10,474,383,486,152,135,24,1,0,Archived
n1k0/SublimeHighlight,105,80,47,4,24,23,72,726,51,10,0,51,Archived
rahatarmanahmed/CircularProgressView,194,43,40,0,13,8,66,580,48,8,0,48,Archived
integrity/integrity,173,296,288,0,154,121,2031,820,1031,69,0,0,Archived
cjohansen/juicer,47,83,62,3,17,15,395,247,303,15,0,212,Archived
ai212983/android-spinnerwheel,249,80,72,1,11,11,122,323,68,9,0,9,Archived
jupyter/colaboratory,111,129,129,0,40,34,340,585,147,15,0,0,Archived
pires/android-obd-reader,469,209,199,0,83,65,337,378,168,21,0,165,Archived
rgrove/larch,67,75,45,1,3,2,153,829,146,3,0,149,Archived
nicoulaj/idea-markdown,97,265,181,4,18,5,160,605,152,5,0,153,Archived
TheNewNormal/kube-solo-osx,29,183,162,1,99,96,310,148,139,12,0,0,Archived
CodaFi/AFNetworking-RACExtensions,130,20,18,2,18,15,92,481,35,10,0,58,Archived
rtomayko/replicate,59,43,28,9,25,20,173,1138,143,11,0,143,Archived
joomla/joomla-platform,298,1873,1873,0,1698,1242,5893,250,832,99,0,0,Archived
brunogaspar/laravel-starter-kit,181,21,21,0,21,11,3945,249,2862,171,0,207,Archived
shiguredo/packer-templates,174,33,33,0,33,26,89,175,21,14,0,0,Archived
IdentityServer/IdentityServer3.Samples,1251,350,338,6,49,25,645,230,324,24,0,0,Archived
krmaxwell/maltrieve,184,185,151,5,64,55,342,87,306,11,0,44,Archived
fommil/netlib-java,168,127,114,0,8,4,500,507,496,4,0,485,Archived
compose/governor,75,50,33,0,21,14,76,534,39,10,0,0,Archived
ztellman/automat,50,71,56,3,23,21,143,186,106,13,0,110,Archived
lballabio/quantlib-old,406,381,381,0,324,241,18714,266,6090,35,0,4455,Archived
lukeredpath/LRResty,56,43,19,5,1,1,247,553,241,2,0,123,Archived
lattera/glibc,948,4,4,0,4,0,33933,3463,14323,256,0,0,Archived
emberjs/list-view,116,254,254,0,124,95,448,461,172,45,1,0,Archived
MichaelDrogalis/dire,20,38,27,1,14,12,209,408,180,8,0,1,Archived
scottyab/AESCrypt-Android,192,26,17,0,4,2,13,566,11,2,0,8,Archived
mattetti/Weasel-Diesel,21,34,29,0,20,17,174,105,133,10,0,133,Archived
martinandert/react-inline,21,3,3,0,3,3,90,630,82,2,0,87,Archived
smashwilson/merge-conflicts,42,273,206,3,96,94,607,204,530,13,1,530,Archived
semperos/clj-webdriver,93,50,50,0,50,32,1057,172,1003,18,0,1003,Archived
osm2vectortiles/osm2vectortiles,149,509,435,10,159,147,1367,204,562,18,0,0,Archived
EFForg/privacybadgerfirefox-legacy,68,824,695,0,178,167,883,66,315,36,0,0,Archived
gmetais/grunt-devperf,7,27,27,0,5,3,110,537,107,4,0,107,Archived
rgrove/jsmin-php,128,19,14,0,4,3,24,588,13,5,0,13,Archived
codahale/metrics,48,16,16,0,10,9,43,288,31,10,0,31,Archived
IdentityServer/IdentityServer2,291,889,843,0,39,26,659,256,367,17,0,0,Archived
kasperisager/sails-generate-auth,67,51,51,0,51,35,149,100,79,23,0,96,Archived
JakeWharton/ActionBarSherlock,3536,1135,1044,6,247,84,1480,508,1308,49,0,1317,FSE
omab/django-social-auth,759,872,860,0,326,244,1613,408,1007,152,0,1007,FSE
cyrilmottier/GreenDroid,886,20,15,5,15,6,69,478,55,8,0,0,FSE
cameronmcefee/plax,206,74,56,1,36,29,140,648,92,20,0,2,FSE
kissyteam/kissy,863,745,711,2,114,54,5056,2723,3334,30,0,0,FSE
webpack/react-starter,320,115,83,9,42,28,127,53,77,19,0,0,FSE
leah/PullToRefresh,252,38,17,12,10,6,41,346,24,5,0,25,FSE
mojombo/grit,523,288,244,2,103,19,516,338,177,42,0,177,FSE
pakerfeldt/android-viewflow,695,110,61,3,25,18,120,287,55,11,0,77,FSE
Shougo/neocomplcache.vim,135,512,512,0,65,57,1948,2046,1571,32,0,1850,FSE
ylechelle/OpenUDID,436,73,39,10,11,6,50,263,44,5,0,44,FSE
flavienlaurent/datetimepicker,580,141,82,11,20,11,73,145,25,8,0,54,FSE
technoweenie/restful-authentication,275,33,6,4,2,0,223,781,71,23,0,40,FSE
Automattic/expect.js,208,175,86,33,60,21,78,270,47,18,4,0,FSE
aanand/git-up,148,121,84,6,36,20,138,411,104,14,0,104,FSE
josevalim/inherited_resources,392,934,931,1,623,430,1068,1318,231,98,0,0,FSE
gh-unit/gh-unit,309,174,168,0,62,27,581,727,434,22,0,0,FSE
sd6352051/NiftyDialogEffects,722,6,6,0,6,4,97,801,55,6,0,90,FSE
meteoric/meteor-ionic,219,383,246,14,65,46,279,89,151,24,0,0,FSE
farhadi/html5sortable,377,50,50,0,50,5,36,558,24,4,0,24,FSE
kartograph/kartograph.js,228,72,36,4,8,6,240,676,230,5,0,0,FSE
lawloretienne/QuickReturn,266,31,24,0,4,3,190,1421,185,3,0,33,FSE
Lokaltog/vim-powerline,370,68,68,0,68,6,259,92,210,23,0,210,FSE
amoffat/bootstrap-application-wizard,390,120,62,13,20,10,98,560,33,8,0,0,FSE
ququplay/jquery-mobile-flat-ui-theme,384,32,19,2,3,3,82,419,53,2,0,0,FSE
facebookarchive/three20,1479,349,348,1,348,112,1778,415,736,56,0,0,FSE
docker/docker-registry,879,1103,913,11,446,363,1205,90,376,91,0,0,FSE
yahoo/mojito,214,1393,1353,3,1006,837,4046,722,873,31,0,0,FSE
syedhali/EZAudio,822,393,195,25,58,34,483,1807,453,16,0,453,FSE
arunoda/meteor-up,281,1352,1135,15,163,103,1262,210,833,54,0,919,FSE
facebookarchive/huxley,286,83,42,11,13,5,68,386,41,7,0,0,FSE
steipete/PSTCollectionView,494,175,175,0,175,143,569,886,325,68,0,325,FSE
schneiderandre/popping,672,22,18,2,8,3,144,705,138,1,0,4,FSE
jimbojsb/launchrocket,122,27,25,2,25,20,108,997,97,8,0,97,FSE
gimenete/iOS-boilerplate,459,31,19,3,9,4,27,37,15,4,0,21,FSE
rafaelconde/ios8-ui-kit,145,9,8,0,5,3,20,51,8,4,0,16,FSE
HansPinckaers/GrowingTextView,453,134,63,23,38,25,116,183,71,21,0,71,FSE
youknowone/UI7Kit,199,165,122,0,44,34,414,2792,355,18,0,352,FSE
coresmart/persistencejs,240,199,109,16,74,54,471,835,273,37,0,0,FSE
tjerkw/Android-SlideExpandableListView,741,113,67,8,21,13,95,298,65,9,0,62,FSE
MojoJolo/textteaser,251,37,31,0,12,12,49,1076,26,8,0,0,FSE
Simbul/baker,378,1262,1090,0,63,36,942,48,391,14,0,411,FSE
rasmusbergpalm/DeepLearnToolbox,2276,186,104,13,35,20,188,568,110,10,0,126,FSE
Famous/famous,687,711,707,2,255,39,932,94,240,67,0,0,FSE
soffes/sstoolkit,573,198,197,1,75,48,851,473,691,36,0,748,FSE
rsms/kod,173,56,53,3,53,31,664,39,438,18,0,438,FSE
componentjs/component,306,643,610,0,119,75,766,727,544,49,0,0,FSE
BorisMoore/jquery-tmpl,1007,196,138,3,23,2,136,1289,87,7,0,4,FSE
dmytrodanylyk/circular-progress-button,1182,129,125,4,125,69,220,2531,91,11,0,73,FSE
nostalgiaz/bootstrap-switch,1448,733,533,8,166,83,687,368,241,38,0,0,FSE
jakiestfu/Snap.js,665,288,133,26,43,11,107,48,92,10,0,92,FSE
openaphid/android-flip,1251,147,65,1,11,3,114,2864,53,2,0,54,FSE
git-game/git-game,638,66,38,19,16,5,6,192,6,1,0,0,FSE
rickyrauch/Balloons.IO,493,117,78,2,20,16,353,1276,142,11,0,3,FSE
abrasive/shairport,1103,143,125,18,125,67,476,209,137,50,0,136,FSE
bigspaceship/shine.js,181,15,11,1,6,4,58,302,54,3,0,0,FSE
pkyeck/socket.IO-objc,441,233,149,22,51,20,158,167,70,21,0,102,FSE
dbushell/Nestable,992,88,28,60,28,6,59,975,51,7,0,50,FSE
cliftonc/calipso,307,274,230,0,99,64,1086,830,606,34,0,654,FSE
mattgallagher/AudioStreamer,553,106,28,6,13,6,61,356,40,6,0,4,FSE
insoshi/insoshi,534,5,3,2,3,0,1321,4540,1144,6,0,0,FSE
scripted-editor/scripted,166,307,192,2,20,13,1131,1863,486,11,0,0,FSE
mattgemmell/MGSplitViewController,386,101,36,18,13,1,7,682,5,2,0,6,FSE
arturadib/strapdown,410,97,32,14,11,2,49,319,47,3,0,46,FSE
kevana/ui-for-docker,701,107,104,3,104,88,400,64,179,31,0,171,FSE
Swiip/generator-gulp-angular,665,1195,1032,13,364,290,1032,123,396,89,0,457,FSE
blueimp/Bootstrap-Image-Gallery,897,22,22,0,22,7,86,312,76,5,0,76,FSE
myell0w/MTStatusBarOverlay,325,102,65,14,30,18,206,467,175,16,0,175,FSE
jeromegn/Backbone.localStorage,681,232,222,0,127,78,294,1304,133,58,0,133,FSE
rubysherpas/forem,424,700,652,11,301,192,1492,203,828,86,0,0,FSE
p-e-w/finalterm,179,417,294,13,72,47,192,197,124,20,0,124,FSE
jhollingworth/bootstrap-wysihtml5,1010,397,201,31,125,81,260,360,140,52,0,139,FSE
h5bp/mobile-boilerplate,648,248,245,0,120,69,469,120,169,47,0,0,FSE
square/cube,419,55,39,16,39,13,169,274,125,8,0,0,FSE
kenkeiter/skeuocard,231,163,119,10,30,13,174,276,148,7,0,149,FSE
nothingmagical/cheddar-ios,633,33,33,0,33,21,148,77,111,14,0,111,FSE
tumblr/TMCache,376,90,72,5,27,16,243,180,180,10,0,0,FSE
ryanb/nifty-generators,283,168,104,11,21,11,285,3343,260,12,0,250,FSE
Valve/fingerprintjs,0,0,0,0,0,0,4,0,4,1,0,4,FSE
node-js-libs/node.io,140,165,165,0,27,18,436,331,410,13,0,0,FSE
karmi/retire,533,993,897,35,288,2,936,158,723,92,0,728,FSE
overshare/overshare-kit,132,98,82,6,35,23,231,242,191,12,0,0,FSE
MacRuby/MacRuby,193,68,66,2,66,29,6103,547,2889,26,0,0,FSE
maccman/juggernaut,188,138,100,3,21,9,122,106,82,8,0,109,FSE
square/dagger,3058,560,497,4,289,245,703,1070,230,35,0,0,FSE
square/otto,848,205,187,5,85,58,205,594,138,22,0,0,FSE
roboguice/roboguice,824,351,204,11,61,40,1054,526,610,17,0,0,FSE
karpathy/neuraltalk,1322,55,25,4,13,9,33,86,10,6,0,20,FSE
turbolinks/turbolinks-classic,428,680,635,5,291,170,707,339,151,84,0,0,FSE
google/gxui,299,181,135,1,61,44,196,58,139,18,0,0,FSE
KeyboardFire/mkcast,46,33,22,3,12,9,42,281,32,6,0,32,FSE
mozilla-services/heka,531,1994,1761,14,1036,871,4118,2725,1547,106,1,0,FSE
twitter-archive/kestrel,313,152,128,0,45,26,1146,539,827,21,0,0,FSE
itsabot/abot,130,180,172,0,103,88,705,54,662,12,0,0,FSE
smileyborg/UIView-AutoLayout,199,22,21,0,5,1,156,54,148,2,0,148,FSE
RomainPiel/Shimmer-android,438,31,18,0,9,4,39,545,33,4,0,33,FSE
Quinny898/PersistentSearch,425,26,26,0,26,11,57,235,22,11,0,37,FSE
shu223/PulsingHalo,240,50,37,0,13,9,97,465,80,9,0,77,FSE
popcorn-time/popcorn-app,1696,317,278,39,278,152,2,0,2,1,0,0,FSE
jonikorpi/Golden-Grid-System,277,22,11,5,6,6,74,590,59,7,0,66,FSE
tensorflow/tensorflow,74187,75505,70680,3165,32578,23455,169877,707,42995,404,7,0,FSE
facebook/react,46431,29188,28371,164,15905,10821,19470,610,1742,414,0,0,Active
facebook/react-native,24250,44744,43867,304,18386,853,33151,66,1299,314,0,0,Active
electron/electron,15312,43001,42057,87,22869,20346,28578,171,8544,382,0,0,Active
nodejs/node,29078,52888,50798,531,34190,8838,42419,1351,3129,437,1,0,Active
atom/atom,17397,22393,21399,31,5249,3937,38533,1282,9239,326,0,0,Active
mrdoob/three.js,35309,29254,28723,136,16590,13016,44123,542,18081,362,0,18372,Active
hakimel/reveal.js,16629,3476,2645,95,980,402,3143,369,2303,307,0,2393,Active
reactjs/redux,15271,4598,4561,1,2548,1691,4042,211,1057,420,0,0,Active
axios/axios,10831,6356,5563,155,1523,874,1573,165,216,425,0,0,Active
rg3/youtube-dl,9962,31540,27340,492,4448,1636,18861,1417,6359,387,0,0,Active
nvbn/thefuck,3426,1433,1080,89,609,482,1651,508,509,168,0,930,Active
ionic-team/ionic,13514,29586,29127,23,7792,5903,13966,132,2477,398,1,0,Active
getlantern/lantern,11299,719,717,2,717,552,6273,364,1416,60,0,0,Active
impress/impress.js,6672,861,793,14,368,121,420,465,200,83,0,0,Active
x64dbg/x64dbg,2406,3337,2739,4,852,692,5471,441,1316,126,0,0,Active
Microsoft/TypeScript,12406,59011,53261,450,17651,14358,36283,522,3861,345,8,0,Active
Dogfalo/materialize,4738,6665,5871,171,1272,449,3878,643,1462,244,0,1582,Active
ReactiveX/RxJava,7604,7092,7081,0,3933,3251,6161,122,2019,288,0,0,Active
bitcoin/bitcoin,36206,29512,28847,295,21055,14516,42682,2415,6905,347,0,0,Active
babel/babel,5639,16084,15300,152,7080,5910,16619,594,5901,418,0,0,Active
neovim/neovim,5603,30058,28280,333,18022,13635,30709,1494,4360,443,0,0,Active
ecomfe/echarts,19606,20284,18103,109,1744,1318,9387,160,1461,233,11,0,Active
ant-design/ant-design,49076,48368,47153,64,18114,14301,28556,359,8789,377,0,0,Active
TryGhost/Ghost,10220,21041,20881,126,14005,11430,39417,402,4889,374,0,0,Active
google/protobuf,15452,18316,17976,111,11926,6031,18679,1424,2842,372,0,0,Active
gohugoio/hugo,7471,12682,12218,30,5301,2573,8577,643,3916,419,0,0,Active
gogits/gogs,4851,7401,6460,43,2262,1699,6022,99,2404,413,0,0,Active
google/guava,10865,5997,5278,77,2343,654,6603,290,1156,313,0,0,Active
serverless/serverless,5694,11946,10699,103,5515,4681,16090,519,2975,356,0,0,Active
select2/select2,6265,6334,6198,35,1487,713,2660,525,860,400,0,0,Active
fchollet/keras,19416,19584,19337,16,7445,3632,11005,224,2733,408,0,0,Active
storybooks/storybook,9245,25610,23564,141,12676,10262,63066,266,14238,371,0,0,Active
JetBrains/kotlin,5717,5323,5144,179,5144,2059,117818,1701,6551,284,0,0,Active
hexojs/hexo,4831,5214,5123,13,1257,912,3666,764,1987,173,1,0,Active
PhilJay/MPAndroidChart,9011,5450,3267,129,380,190,2070,234,1365,64,0,1504,Active
fastlane/fastlane,5684,20455,19722,193,7293,6193,16621,133,7629,383,0,0,Active
grafana/grafana,12006,91144,86997,272,53542,46521,53983,298,10055,379,1,0,Active
bumptech/glide,6116,5392,4845,20,934,540,2957,244,2074,131,0,0,Active
videojs/video.js,7431,8468,7940,22,3164,1772,4140,124,1133,373,0,0,Active
photonstorm/phaser,7087,6743,6699,7,2364,1679,19820,962,11876,378,0,0,Active
syncthing/syncthing,4242,9675,9288,31,4160,2555,7526,118,4232,314,0,0,Active
rs/SDWebImage,5959,3691,3597,6,1357,933,3641,405,1849,252,0,0,Active
emberjs/ember.js,4208,17084,16726,72,10293,8114,22644,1277,5553,340,1,0,Active
ReactiveCocoa/ReactiveCocoa,3470,3730,3721,5,1718,1350,8662,329,2495,204,0,0,Active
pixijs/pixi.js,4761,10013,9632,41,4286,3443,8252,116,2116,381,0,0,Active
soimort/you-get,9413,1068,954,114,954,580,2582,660,1656,227,1,1656,Active
postcss/postcss,1556,1882,1863,0,907,734,4096,87,2903,374,0,0,Active
quilljs/quill,3363,4352,3949,47,707,376,5738,1136,4657,142,0,0,Active
symfony/symfony,9428,53790,52960,307,33182,22763,71920,1291,26092,365,1,0,Active
RocketChat/Rocket.Chat,10377,32586,29473,601,16039,12688,26157,175,4310,374,11,0,Active
SwiftyJSON/SwiftyJSON,3420,1136,997,24,401,221,752,442,127,132,0,0,Active
angular/angular-cli,11978,28066,27784,16,12630,10361,15500,976,3185,414,0,0,Active
getsentry/sentry,4146,77134,74300,151,63475,57080,74343,1066,11413,340,3,0,Active
facebook/flow,1853,9083,8071,32,2381,160,18313,21,3024,340,0,0,Active
npm/npm,3018,20799,18634,0,2137,439,8342,966,4384,424,0,0,Active
ethereum/go-ethereum,20015,18884,18567,97,10687,7500,15447,338,2961,432,1,0,Active
prometheus/prometheus,9064,14457,13637,195,8518,6531,14059,1286,1723,354,0,0,Active
syl20bnr/spacemacs,4888,16482,16426,13,7918,1987,12982,1438,4433,347,0,4593,Active
grpc/grpc,10505,37534,36567,348,25743,19458,55636,582,9870,313,0,0,Active
codemirror/CodeMirror,4961,7066,6635,26,2856,593,7172,817,4677,415,0,0,Active
Microsoft/CNTK,4284,3855,3015,85,472,258,16117,905,2729,188,8,0,Active
jiahaog/nativefier,2199,1570,1311,3,329,261,1287,135,412,129,0,0,Active
containous/traefik,5042,11078,10423,35,5042,4289,5232,123,832,412,0,0,Active
angular-ui/ui-router,2999,3856,3831,3,662,314,2123,501,779,158,0,0,Active
sequelize/sequelize,4265,16896,15950,91,6472,4748,11087,197,1867,374,0,0,Active
dotnet/corefx,4943,24927,24927,0,24927,21887,4,55,2,3,11,0,Active
cmderdev/cmder,2026,2881,2823,9,598,427,1699,635,287,125,0,0,Active
apache/incubator-mxnet,6794,20687,18677,205,10919,8838,11896,103,670,370,11,0,Active
avajs/ava,1404,3100,3038,4,1437,1065,2042,243,768,303,0,0,Active
alibaba/fastjson,6504,4494,2383,182,688,418,3983,95,1514,170,0,0,Active
afollestad/material-dialogs,3116,279,267,12,267,179,2020,170,1729,90,0,1673,Active
wekan/wekan,2828,5141,4503,3,1478,1213,11576,861,8256,261,0,0,Active
redux-saga/redux-saga,1970,2390,2353,9,892,673,1943,251,415,322,0,0,Active
pingcap/tidb,5819,56287,51750,1052,36260,29807,24732,19,1144,400,0,0,Active
docker/compose,5190,11973,11729,24,4279,3128,4863,296,991,178,2,0,Active
uikit/uikit,2321,4994,4407,33,692,273,6792,68,4489,32,0,0,Active
facebook/osquery,2442,8375,7745,40,5003,4286,6498,207,2370,384,0,0,Active
realm/realm-cocoa,2144,8559,8150,13,3151,2608,12427,704,3014,136,0,0,Active
gorhill/uBlock,3095,3839,3825,2,392,241,12582,133,7692,105,0,11848,Active
yiisoft/yii2,6911,19755,19237,92,8106,5197,20520,724,3584,350,0,0,Active
CoderMJLee/MJRefresh,3549,1608,1554,7,213,112,408,314,130,40,0,204,Active
Homebrew/brew,9613,17623,17561,12,13104,11488,42195,1062,10729,377,2,0,Active
hashicorp/terraform,9506,35425,33457,172,14252,11793,33377,1004,4025,363,0,0,Active
localForage/localForage,1266,1094,848,35,343,269,1126,398,611,95,0,0,Active
facebook/prepack,425,2640,2408,40,1831,500,1596,616,331,78,0,0,Active
ampproject/amphtml,3892,39914,38945,73,25508,20622,22506,87,1434,395,1,0,Active
laravel/framework,10935,48911,48867,32,30654,15390,38383,813,16280,382,0,0,Active
onevcat/Kingfisher,2644,2185,2036,0,785,652,2980,242,1768,183,0,2446,Active
jgm/pandoc,3354,9691,8558,82,1979,1587,17735,1216,11891,418,0,11889,Active
swagger-api/swagger-ui,8923,9764,8564,72,4194,3157,6559,118,1048,391,0,0,Active
eslint/eslint,4510,17815,17712,13,7516,6186,9745,122,2512,416,0,0,Active
sampotts/plyr,2923,2631,1729,35,514,384,2297,452,1703,176,0,943,Active
PHPMailer/PHPMailer,9719,2798,2753,11,737,477,2433,425,1096,257,0,0,Active
minio/minio,5430,18283,18256,7,10841,9649,12277,107,5631,420,0,0,Active
tj/commander.js,1689,2239,2223,2,1159,748,1346,634,518,159,0,183,Active
pyenv/pyenv,3025,2860,2792,9,1075,885,3332,371,551,396,0,0,Active
Kotlin/anko,1287,766,523,6,143,100,1064,279,811,69,0,0,Active
equinusocio/material-theme,789,1287,1287,0,178,131,12,0,12,1,0,0,Active
playframework/playframework,4093,12643,12190,59,8823,7061,13817,1299,2010,374,0,0,Active
facebook/rocksdb,6291,12800,11761,391,9204,603,12931,152,1096,299,0,0,Active
maxwellito/vivus,1133,248,228,0,42,31,174,585,144,22,0,110,Active
encode/django-rest-framework,6813,8661,8569,40,4707,2968,8824,896,3942,387,0,0,Active
scala/scala,3119,10806,10784,22,10784,8379,39876,2136,4196,361,0,0,Active
Automattic/wp-calypso,1982,93760,87932,668,61770,54410,70369,971,2508,344,4,0,Active
labstack/echo,2214,2392,2320,22,954,569,1744,168,1066,260,0,0,Active
kangax/fabric.js,3498,9116,8679,67,3002,2190,5032,123,1469,275,0,0,Active
PowerShell/PowerShell,7235,21095,20090,121,8586,7018,10756,175,1484,380,1,0,Active
revel/revel,1386,1572,1472,11,587,394,1645,689,510,125,0,0,Active
svg/svgo,1386,2071,1833,46,778,559,1535,664,364,197,0,0,Active
erikras/redux-form,1635,4784,4291,20,1031,778,2066,372,1275,346,0,0,Active
google/flatbuffers,3231,4953,4780,73,2478,1865,3112,469,811,432,0,0,Active
dotnet/coreclr,2664,18208,18208,0,18208,15938,4,55,2,3,11,0,Active
mxcl/PromiseKit,1454,1316,1300,5,446,326,1544,396,1085,133,0,1093,Active
chmln/flatpickr,1456,2860,2051,121,560,399,2867,674,2182,225,0,0,Active
mikepenz/MaterialDrawer,2050,2802,2794,2,270,227,2523,193,2308,98,0,2308,Active
metabase/metabase,5076,48175,44012,301,27837,24485,32904,573,4145,379,2,0,Active
fgnass/spin.js,1021,393,379,4,84,36,327,1096,216,27,0,213,Active
realm/SwiftLint,2219,5790,5355,67,3123,2590,6763,1231,2422,381,0,0,Active
aria2/aria2,3572,2218,1133,48,322,252,5435,805,4987,66,0,0,Active
slimphp/Slim,1948,3311,3301,1,1633,999,4520,386,1284,220,0,0,Active
explosion/spaCy,4363,9660,9516,20,3999,3571,16203,383,6229,393,0,0,Active
lerna/lerna,2249,3979,3600,7,1345,966,2789,321,1485,325,0,0,Active
docker/kitematic,1411,5808,4841,44,490,413,2335,269,1167,86,2,0,Active
gaearon/react-hot-loader,801,1918,1453,347,608,421,1890,589,577,213,0,564,Active
bazelbuild/bazel,4034,22903,20894,270,8694,1438,41029,367,10321,287,0,0,Active
NodeBB/NodeBB,2780,12743,12567,31,4688,3867,27791,560,6206,203,0,0,Active
Moya/Moya,1982,2350,2171,21,976,795,3471,265,699,219,0,0,Active
mishoo/UglifyJS2,1247,5932,5898,13,3012,2590,3389,901,2301,116,0,590,Active
piwik/piwik,2626,21839,19420,60,7895,6977,30013,364,4699,320,0,0,Active
websockets/ws,2422,2232,2227,0,718,497,1912,990,714,177,0,0,Active
Khan/KaTeX,1174,3716,3291,39,2080,1694,2157,147,557,155,0,0,Active
rancher/rancher,2952,46643,43643,105,12459,10214,12474,534,1652,270,0,0,Active
openzipkin/zipkin,3085,3721,3557,0,2391,1888,2952,649,1625,114,0,0,Active
mozilla-mobile/firefox-ios,2912,21908,19757,30,12959,11190,16233,285,1240,371,7,0,Active
jp9000/obs-studio,7861,10897,10096,253,6595,4860,14547,1264,4083,413,2,0,Active
fullcalendar/fullcalendar,3608,7765,6768,38,574,153,6449,739,5908,130,0,0,Active
tmuxinator/tmuxinator,626,923,819,1,410,287,888,1223,199,128,0,0,Active
ryanoasis/nerd-fonts,3635,1558,1520,9,560,489,2663,376,956,183,0,655,Active
facebook/nuclide,683,1620,1226,7,322,13,15238,10,1551,222,0,0,Active
FineUploader/fine-uploader,1873,2068,1946,6,371,156,3645,134,2601,92,0,0,Active
cakephp/cakephp,3428,17846,17783,8,11230,9149,47573,585,10276,351,0,0,Active
ShareX/ShareX,3170,7558,6991,7,1089,739,8017,32,6401,222,0,0,Active
v2ray/v2ray-core,8945,3196,3182,1,622,203,5389,709,2693,83,0,0,Active
boot2docker/boot2docker,1289,1410,1075,9,529,406,1367,174,622,123,0,0,Active
gabrielbull/react-desktop,462,168,132,2,70,61,527,292,402,22,0,402,Active
portainer/portainer,2451,11153,10511,174,5331,4768,4880,105,1234,215,0,0,Active
marionettejs/backbone.marionette,1262,3721,3683,3,1937,1159,3395,438,1330,317,0,0,Active
google/cadvisor,2312,3582,2818,66,1976,1619,3609,613,554,311,0,0,Active
giakki/uncss,402,497,442,10,186,142,659,922,271,38,0,0,Active
casperjs/casperjs,983,569,569,0,569,400,2226,320,1320,163,0,0,Active
brave/browser-laptop,974,15337,15039,0,3664,3122,9443,312,2880,176,3,0,Active
dotnet/core,4890,8238,7920,5,2171,1954,4464,155,1490,340,11,0,Active
radare/radare2,2981,22946,22076,26,14466,11547,32567,606,16608,353,0,0,Active
BoostIO/Boostnote,1467,3711,3208,65,1300,1074,4730,369,540,217,0,0,Active
Hearst-DD/ObjectMapper,1031,1147,1080,12,325,247,1077,1367,685,100,0,674,Active
ether/etherpad-lite,2842,6582,6463,9,3426,2674,8938,2132,2404,281,0,0,Active
xbmc/xbmc,6286,25724,24825,212,21221,17851,66752,1725,3058,246,0,0,Active
aspnet/Home,9959,53620,50121,103,18693,16209,54117,435,5692,340,11,0,Active
Microsoft/ChakraCore,1196,6952,6350,31,4718,4093,13067,506,1304,147,0,0,Active
dularion/streama,986,1136,791,6,215,178,1850,1124,887,78,0,0,Active
reactioncommerce/reaction,2169,6696,6590,17,3123,2585,21659,229,3518,167,1,0,Active
googlei18n/libphonenumber,2043,2189,2137,52,2137,1286,2282,131,323,134,0,0,Active
facebook/chisel,804,306,259,6,161,120,464,378,183,50,0,0,Active
aksonov/react-native-router-flux,2112,3844,3506,57,680,511,1431,145,433,236,0,286,Active
catchorg/Catch2,3043,2898,2478,30,978,641,4538,574,1979,369,0,0,Active
SBoudrias/Inquirer.js,1297,1538,1491,4,663,492,1578,126,1137,203,0,1136,Active
addyosmani/critical,372,598,560,1,240,183,727,218,414,32,0,106,Active
RaRe-Technologies/gensim,4374,3557,3147,26,1682,1218,4534,356,958,396,0,1491,Active
vuejs-templates/webpack,4385,1530,1350,55,508,253,557,202,168,135,0,0,Active
dropwizard/dropwizard,3440,9152,9138,6,7571,6113,8470,250,1866,356,0,0,Active
Masterminds/glide,541,1090,689,30,248,195,1093,333,722,66,0,0,Active
showdownjs/showdown,1563,1008,794,9,282,140,916,1164,349,74,0,0,Active
lipangit/JiaoZiVideoPlayer,2418,2734,2459,7,65,41,1858,89,1536,23,0,72,Active
overtrue/wechat,2401,2668,2667,0,1380,1083,2252,48,1023,167,0,0,Active
robb/Cartography,526,336,268,7,136,102,513,272,330,43,0,330,Active
micropython/micropython,7671,11742,10115,365,5973,2025,16295,1637,7570,407,0,0,Active
OnsenUI/OnsenUI,1013,3076,3063,10,1237,1070,10019,1110,2348,106,0,0,Active
hankcs/HanLP,10043,1543,1530,4,130,78,1761,373,1650,36,0,1654,Active
zulip/zulip,7714,31792,29322,811,21755,12121,60940,1291,10430,391,1,0,Active
askmike/gekko,3949,2880,2880,0,790,532,2613,814,1691,179,0,1691,Active
node-nock/nock,736,2615,2543,26,1505,1100,2179,504,741,242,0,0,Active
walkor/Workerman,2260,1020,933,8,381,264,2019,75,1503,94,0,1506,Active
mediaelement/mediaelement,1578,2965,2762,14,715,532,4903,918,1666,238,0,0,Active
ethereum/mist,2121,3888,3104,5,771,578,2049,74,496,63,1,0,Active
facebook/facebook-ios-sdk,3539,2294,2087,10,918,66,4511,403,792,141,0,0,Active
Microsoft/WinObjC,809,2949,2558,10,1110,1018,3544,992,277,69,8,0,Active
google/brotli,1238,1187,1112,16,756,579,1205,200,282,99,0,0,Active
utatti/perfect-scrollbar,1619,1353,1252,1,725,508,1732,345,287,122,0,0,Active
aspnet/EntityFrameworkCore,3165,34358,32121,40,12547,10895,15870,762,2064,345,11,0,Active
facebook/buck,1160,2682,2455,23,1177,114,22696,358,1790,286,0,0,Active
naver/pinpoint,3749,11511,11059,62,7132,6571,14101,732,3559,116,0,0,Active
dropwizard/metrics,1811,4438,4431,5,3778,2857,3923,846,1330,205,0,0,Active
bpampuch/pdfmake,2036,2791,2475,29,245,145,1455,262,859,83,0,148,Active
nikic/PHP-Parser,1094,1029,991,5,410,222,1717,487,1028,126,0,1360,Active
darknessomi/musicbox,1580,961,724,13,261,203,615,352,246,52,0,278,Active
go-gitea/gitea,5428,31957,29241,235,18152,16212,18488,89,1717,400,0,0,Active
notepad-plus-plus/notepad-plus-plus,4581,14591,12140,11,4250,93,6014,2795,1773,368,0,0,Active
quasarframework/quasar,3504,12455,11859,106,4557,3608,14427,53,10099,442,0,0,Active
gentilkiwi/mimikatz,3704,449,275,33,33,10,347,307,331,9,0,331,Active
trello/RxLifecycle,638,338,334,0,157,131,340,262,157,16,0,0,Active
wagtail/wagtail,3808,12030,11034,139,6849,3823,17940,2209,5890,340,0,0,Active
AutoMapper/AutoMapper,1750,4084,4083,1,1046,700,4213,310,2018,151,0,0,Active
rt2zz/redux-persist,866,1474,878,79,344,234,814,379,219,134,0,547,Active
puma/puma,1425,3423,3323,39,1707,1392,4064,1013,1025,401,0,0,Active
trufflesuite/truffle,2317,5904,5376,20,2958,2448,16047,663,3363,237,2,0,Active
ustbhuangyi/better-scroll,2607,1364,1302,5,207,154,2001,288,546,36,0,659,Active
filamentgroup/loadCSS,534,334,334,0,165,72,313,880,230,28,0,0,Active
OpenRefine/OpenRefine,1948,6843,6179,22,3707,3065,8330,747,1733,325,0,0,Active
aspnet/Mvc,2139,8637,8637,0,3459,1673,4596,434,1023,138,1,0,Active
grpc/grpc-go,4353,7685,7527,22,5030,4145,5189,69,895,431,0,0,Active
angular-ui/ui-grid,2465,7312,6583,3,1942,1408,4396,739,718,328,0,0,Active
PrismJS/prism,1293,3675,3264,64,1943,1662,3604,488,1207,358,0,0,Active
AudioKit/AudioKit,1554,2921,2897,3,1528,1364,12435,128,6679,184,0,0,Active
google/google-api-php-client,3521,2541,2477,9,741,497,1847,161,1057,155,3,0,Active
laradock/laradock,4424,3555,3397,37,1595,1231,3334,176,695,387,0,0,Active
pallets/jinja,1610,1966,1846,42,892,605,2842,785,1299,267,0,0,Active
weaveworks/weave,668,3905,3376,18,1627,1370,7293,1000,2207,78,0,0,Active
Netflix/eureka,3740,1516,1414,21,851,756,1705,4222,457,103,0,0,Active
filamentgroup/tablesaw,434,391,391,0,104,35,569,1310,492,22,0,0,Active
openresty/openresty,1534,1009,719,8,224,126,1729,309,828,32,1,0,Active
openresty/openresty,1534,1009,719,8,224,126,1729,309,828,32,1,0,Active
electron-userland/electron-packager,17,1765,1719,6,866,545,1356,198,781,80,0,0,Active
sosedoff/pgweb,724,752,728,6,357,270,1271,129,1134,51,0,1134,Active
aio-libs/aiohttp,2003,9166,8867,58,6139,4997,10746,1184,4425,421,0,0,Active
jupyterlab/jupyterlab,3342,16747,14237,84,8173,7360,26156,635,8262,362,1,0,Active
sass/node-sass,1325,3392,3204,42,982,671,2547,931,597,178,3,0,Active
reactjs/react-rails,758,1328,1310,1,612,462,1506,1006,392,148,0,0,Active
top-think/think,1622,1144,1016,1,298,181,2057,383,1192,39,0,0,Active
swagger-api/swagger-core,2174,4738,3922,68,1749,1343,4317,1021,1728,232,0,0,Active
sameersbn/docker-gitlab,2138,3013,2460,9,1287,1023,3890,693,1661,199,0,89,Active
moxiecode/plupload,1427,1657,1452,2,204,65,1186,1241,747,52,0,0,Active
bookshelf/bookshelf,571,2127,1891,13,558,418,1904,115,570,151,0,0,Active
icsharpcode/ILSpy,3337,3175,2953,6,766,565,7843,1215,3616,123,0,0,Active
harelba/q,421,333,215,23,85,46,405,502,373,20,0,373,Active
kubernetes/helm,7089,13294,12597,379,5095,3686,7621,877,1143,370,0,0,Active
kubernetes/kops,4644,16857,16695,20,11690,10253,21723,526,5529,377,31,0,Active
RPCS3/rpcs3,1906,15616,14586,32,7677,6905,17018,1241,3475,284,0,0,Active
influxdata/telegraf,5561,15934,15624,26,8116,6125,9077,208,1977,418,2,0,Active
alrra/browser-logos,388,220,213,2,97,12,3918,173,3835,24,0,3838,Active
fabiolb/fabio,616,955,708,16,267,196,1224,994,721,90,0,0,Active
purescript/purescript,563,4537,4241,26,2150,1812,4415,99,2063,186,1,0,Active
banchichen/TZImagePickerController,1860,1696,1638,13,166,90,750,228,174,49,0,599,Active
SocketCluster/socketcluster,314,593,503,3,58,37,1329,377,1051,24,0,0,Active
dompdf/dompdf,1791,3298,2735,33,582,391,1814,853,539,132,0,0,Active
electron-userland/electron-builder,1736,8433,8063,10,1734,1334,3167,68,1502,443,0,0,Active
MagicStack/uvloop,538,631,518,17,256,179,947,400,771,63,0,0,Active
lipis/flag-icon-css,1848,1281,1261,0,687,524,1145,118,398,82,0,599,Active
kivy/python-for-android,1844,3055,2798,55,1551,1277,3815,916,1317,225,1,0,Active
Maximus5/ConEmu,573,2565,1525,3,123,34,7647,1701,7299,46,0,7303,Active
doctrine/doctrine2,2511,11319,9808,304,4772,3382,14554,1800,1819,315,2,0,Active
ant-design/ant-design-mobile,2393,6462,6239,37,1963,1521,7712,304,980,268,0,0,Active
julienXX/terminal-notifier,330,307,263,6,47,34,179,1276,67,31,0,49,Active
kickstarter/android-oss,989,2144,2133,5,2062,1957,5355,102,1649,36,0,0,Active
commonsguy/cw-omnibus,3781,20,20,0,20,3,1078,180,1075,4,0,1038,Active
SoftEtherVPN/SoftEtherVPN,2580,1916,1672,8,816,739,2047,556,650,106,0,0,Active
bobthecow/psysh,310,823,778,10,348,231,2097,1351,1672,82,0,1671,Active
sockeqwe/mosby,841,344,317,3,78,69,604,487,517,37,0,536,Active
shadowsocks/shadowsocks-qt5,2330,814,739,1,25,19,688,431,512,13,0,0,Active
inorganik/countUp.js,1379,324,314,2,130,101,455,179,265,42,0,304,Active
angular-translate/angular-translate,1044,1918,1882,0,503,140,1505,865,553,128,0,0,Active
DevExpress/testcafe,671,8152,8119,3,3390,3002,3472,98,567,107,0,0,Active
visualfc/liteide,970,1298,901,2,173,148,2811,199,2506,79,0,2538,Active
Microsoft/react-native-code-push,1463,2756,2746,2,935,724,1845,156,525,165,8,0,Active
BBC-News/wraith,357,630,506,23,232,174,793,310,195,57,2,0,Active
18F/web-design-standards,932,5878,5397,62,2678,2258,14872,223,2917,160,5,0,Active
aspnetboilerplate/aspnetboilerplate,3792,7031,6870,3,1354,1088,7664,679,2150,184,0,0,Active
openshift/origin,4696,29148,28936,92,20082,15685,37776,755,7842,355,1,0,Active
os-js/OS.js,818,821,802,1,198,146,65,187,63,3,0,0,Active
styleguidist/react-styleguidist,1436,2166,1927,140,905,649,2178,339,1402,228,0,0,Active
PostgresApp/PostgresApp,377,753,625,3,87,50,1837,461,759,48,0,0,Active
evernote/android-job,558,63,62,1,62,43,480,929,424,22,0,0,Active
hashcat/oclHashcat,2880,4043,3670,57,1915,1768,9563,332,3361,133,0,0,Active
nanomsg/nanomsg,1005,1111,1099,1,435,169,1671,462,1044,94,0,0,Active
kovidgoyal/calibre,2255,2455,2452,3,2452,2142,49828,1454,37969,319,0,37969,Active
clappr/clappr,849,2158,2143,8,647,473,12155,235,3720,102,0,0,Active
react-dropzone/react-dropzone,781,1310,1228,6,486,324,619,536,184,171,0,0,Active
Varying-Vagrant-Vagrants/VVV,847,2734,2621,6,1098,922,4133,296,1514,140,1,0,Active
graphite-project/graphite-web,1258,2852,2812,8,1637,1302,4358,1182,698,312,0,0,Active
cytoscape/cytoscape.js,1637,3186,3164,5,427,307,6093,167,3836,122,0,0,Active
hybridgroup/gobot,1039,1085,962,17,623,477,2925,1213,1221,135,0,0,Active
macvim-dev/macvim,683,1460,1285,6,534,497,30318,1148,21096,403,0,0,Active
ory/hydra,1488,3335,3226,21,1798,1492,3876,194,1331,274,2,0,Active
codecentric/spring-boot-admin,3073,3721,3692,3,2065,1801,3380,100,1541,148,0,0,Active
theintern/intern,310,1205,1066,11,282,60,1403,502,778,54,0,0,Active
strapi/strapi,7984,20549,19697,51,10683,8428,35373,352,3589,358,0,0,Active
aws/aws-sdk-js,1547,4443,4442,0,1191,910,6010,202,1777,192,0,0,Active
grpc/grpc-java,3832,11574,11062,50,7982,6918,6529,1212,1555,343,0,0,Active
Workiva/go-datastructures,834,231,201,13,174,158,725,776,286,46,0,0,Active
zsh-users/antigen,279,749,653,15,361,296,638,702,290,42,0,0,Active
ReactiveX/RxKotlin,454,248,216,9,130,90,265,1107,54,46,0,0,Active
semantic-release/semantic-release,1672,2932,2566,47,1442,1136,1577,259,401,223,0,0,Active
luin/ioredis,1193,1918,1575,38,451,344,1300,578,641,146,0,0,Active
snowplow/snowplow,1188,4455,4398,0,492,184,6749,699,2858,75,0,0,Active
davemorrissey/subsampling-scale-image-view,1201,584,537,4,58,30,351,661,257,20,0,303,Active
roots/bedrock,1164,733,716,7,477,328,745,127,208,77,0,0,Active
addyosmani/grunt-uncss,175,255,246,3,82,65,369,306,209,17,0,0,Active
apereo/cas,3924,4838,4836,2,4836,3947,25864,284,18575,307,0,0,Active
paritytech/parity,1685,11606,11445,31,6113,5575,12342,46,1673,211,0,0,Active
robolectric/robolectric,1365,9598,9078,108,6668,4523,14316,1010,1925,199,0,0,Active
limonte/sweetalert2,1612,2730,2719,0,1083,914,3231,100,2282,117,0,0,Active
aws/aws-sdk-go,2070,5171,5169,0,3314,2933,5487,199,1371,274,0,0,Active
restic/restic,1548,5071,4669,41,2390,2036,8524,1094,3967,374,0,0,Active
jupyter/notebook,4901,7381,5424,32,2426,2012,13565,620,1863,374,0,0,Active
primefaces/primeng,4562,16491,15230,32,3373,1875,16083,404,4300,355,0,0,Active
rabbitmq/rabbitmq-server,3906,10407,10143,42,8040,7197,57862,875,13696,263,0,0,Active
serge-rider/dbeaver,3424,23516,20897,43,5804,5089,26276,96,9471,303,0,0,Active
shardingjdbc/sharding-jdbc,6714,32921,32454,6,21683,20199,43899,38,8125,323,11,0,Active
ben-manes/caffeine,1589,1642,1638,0,927,602,2247,143,1593,57,0,1593,Active
garyburd/redigo,0,0,0,0,0,0,221,1312,172,32,0,172,Active
lbryio/lbry,483,3711,3315,16,1890,1535,9236,469,2664,87,0,0,Active
ag-grid/ag-grid,1857,8911,8839,45,2617,2122,41002,48,4124,135,0,0,Active
activemerchant/active_merchant,2498,5284,5108,113,4564,2088,6282,1083,393,321,0,0,Active
linkerd/linkerd,504,2436,2289,13,1363,1168,1433,300,383,102,1,0,Active
TooTallNate/Java-WebSocket,2578,1433,1388,11,382,301,1170,799,259,69,0,88,Active
sass/libsass,462,3184,3029,19,1374,1150,4196,460,1486,109,3,0,Active
k9mail/k-9,2483,8241,7359,6,3619,2805,14562,435,7579,268,0,0,Active
haifengl/smile,1126,787,777,0,175,110,4023,149,3628,51,0,3576,Active
video-dev/hls.js,2563,6670,6501,25,3756,3198,10684,446,1938,275,0,0,Active
App-vNext/Polly,1226,2293,2280,6,1503,1384,2231,267,545,103,0,0,Active
jisaacks/GitGutter,224,577,564,1,203,168,787,720,320,89,0,200,Active
malcommac/SwiftDate,767,821,728,21,248,183,1304,657,681,103,0,962,Active
PowerShell/Win32-OpenSSH,758,2219,1857,1,89,25,636,756,167,19,1,0,Active
artf/grapesjs,4050,4396,4375,7,679,516,6010,25,5330,173,0,0,Active
AliSoftware/OHHTTPStubs,601,368,310,14,144,97,785,475,401,58,0,459,Active
bolt/bolt,809,7934,7878,5,4454,4113,24359,496,7588,246,0,0,Active
thephpleague/oauth2-server,1116,1449,1350,33,680,424,3078,182,1759,135,0,0,Active
mesosphere/marathon,845,7274,7245,2,4002,3429,6969,1793,779,249,0,0,Active
chainer/chainer,1367,8632,8620,0,6588,5867,30611,506,3015,247,0,0,Active
mycolorway/simditor,803,120,102,18,102,63,706,1654,514,18,0,0,Active
mikepenz/Android-Iconics,617,640,633,1,179,165,1255,307,1078,42,0,1078,Active
zcash/zcash,2038,6907,5816,100,2974,2216,18367,2723,2898,328,0,0,Active
ealeksandrov/EAIntroView,501,227,207,0,67,33,258,770,201,26,0,201,Active
redfin/react-server,184,1045,879,38,693,588,2142,537,905,63,0,0,Active
wp-cli/wp-cli,975,5909,5746,13,3046,2623,5386,346,1831,198,0,0,Active
rqlite/rqlite,711,1888,1824,22,1336,1160,6916,227,6534,46,0,0,Active
react-cosmos/react-cosmos,347,1612,1606,1,1118,980,2211,194,1362,104,0,0,Active
23/resumable.js,612,628,440,41,200,158,500,633,207,87,0,0,Active
oklai/koala,522,856,457,3,43,25,412,490,177,16,0,246,Active
sbt/sbt,936,7571,6740,16,3280,2641,12066,797,2826,337,0,0,Active
webpack/webpack-dev-server,1429,5231,5198,15,3167,2216,2688,202,647,268,0,0,Active
Eloston/ungoogled-chromium,830,2744,2611,9,569,497,2235,428,1327,78,0,0,Active
n1nj4sec/pupy,1817,229,218,11,218,135,3490,932,2229,28,0,698,Active
borgbackup/borg,738,8224,7822,13,4074,3756,8760,1426,3504,291,0,0,Active
mstarke/MacPass,466,1301,1013,12,190,160,2663,140,1510,80,0,0,Active
invoiceninja/invoiceninja,2270,9574,8717,3,5453,5007,21494,30,14583,72,0,0,Active
NervanaSystems/neon,811,478,387,8,81,21,1118,432,164,74,0,0,Active
Kinto/kinto,421,3452,3342,4,2681,2311,8765,223,3350,119,0,0,Active
kartik-v/bootstrap-fileinput,2396,1867,1843,1,276,201,1302,146,1066,131,0,1066,Active
openlayers/openlayers,3028,16155,15449,75,9534,8406,34403,1087,6103,324,0,0,Active
Alluxio/alluxio,2934,18684,17658,394,16084,13727,34609,1168,4145,349,0,0,Active
socketio/engine.io,571,684,684,0,375,263,1193,233,641,106,0,0,Active
grpc-ecosystem/grpc-gateway,2233,4809,4658,21,3653,3196,3627,608,1493,367,0,0,Active
swagger-api/swagger-editor,2254,5201,4940,13,3190,2546,4874,105,1783,113,0,0,Active
NLPchina/elasticsearch-sql,1540,1264,942,0,276,95,1047,223,323,31,0,0,Active
mmistakes/minimal-mistakes,25461,3908,3883,5,2587,512,2840,653,2182,245,0,2185,Active
angular/angularfire2,2187,3432,3179,12,940,630,1041,145,297,209,0,0,Active
SwiftBond/Bond,359,709,657,7,247,180,1239,186,349,71,0,0,Active
Microsoft/vscode-go,648,3243,3243,0,778,611,1832,205,728,232,8,0,Active
playcanvas/engine,1342,6733,6175,19,4505,4084,11663,20,1375,127,0,0,Active
spotify/annoy,1163,666,606,5,263,234,894,342,599,66,1,0,Active
hyperium/hyper,1593,3570,3337,35,1778,1399,2827,231,1707,379,0,0,Active
go-chi/chi,982,924,856,16,386,247,766,181,472,141,0,0,Active
pixelsign/html5-device-mockups,405,90,74,6,34,28,190,344,118,12,0,27,Active
searchkit/searchkit,442,1365,1327,23,715,485,2258,232,1135,57,0,0,Active
pnpm/pnpm,989,7490,5820,67,3136,2269,9263,97,6165,275,0,0,Active
Microsoft/code-push,495,842,842,0,388,350,1058,224,209,54,8,0,Active
wdullaer/MaterialDateTimePicker,949,756,645,26,136,45,473,310,313,35,0,387,Active
jenssegers/laravel-mongodb,1425,2977,2843,7,1056,732,1893,479,665,174,0,0,Active
brigade/scss-lint,466,1007,940,0,333,118,1273,407,834,109,0,596,Active
qutebrowser/qutebrowser,1008,7760,6545,96,2137,1714,25190,758,18169,345,0,0,Active
GetmeUK/ContentTools,395,584,483,6,59,37,354,503,305,27,0,0,Active
insin/nwb,331,583,414,18,64,39,1167,784,1114,33,0,1123,Active
spatie/laravel-permission,1767,2177,2167,5,767,493,1692,181,811,205,0,0,Active
twitter/heron,597,3827,3417,35,2739,2440,3308,82,543,112,11,0,Active
JeffreySu/WeiXinMPSDK,4345,3077,2865,0,2082,1844,10644,40,4511,134,0,9191,Active
cockpit-project/cockpit,1099,20592,20152,48,14854,8920,22021,848,4767,195,0,0,Active
typelift/Swiftz,233,344,332,3,222,203,1152,341,720,41,0,0,Active
catfan/Medoo,1152,1096,1045,15,211,19,679,351,422,15,0,468,Active
sachinchoolur/lightGallery,1282,1545,1503,4,200,114,1180,541,754,61,0,980,Active
kangax/html-minifier,572,1148,1043,23,369,304,1291,909,364,76,0,388,Active
TykTechnologies/tyk,1082,6620,6295,167,4475,3686,4799,171,1113,100,0,0,Active
mqttjs/MQTT.js,1415,1876,1832,7,674,527,1659,276,570,196,0,0,Active
graphql-python/graphene,823,1562,1453,17,549,405,1779,222,1115,176,1,0,Active
grommet/grommet,1027,7342,7012,31,3876,3350,6848,29,1937,341,1,0,Active
aws/aws-sdk-php,1219,2931,2884,22,1364,1109,7672,133,2831,191,0,0,Active
socketio/socket.io-client-swift,844,1497,1257,10,227,154,1777,382,1084,46,0,0,Active
acdlite/flux-standard-action,142,145,130,3,101,35,104,539,43,18,0,0,Active
basho/riak,536,1096,942,12,590,477,3227,296,493,78,0,0,Active
AnalyticalGraphicsInc/cesium,3464,12174,10770,27,6224,5473,40906,1851,5220,298,1,0,Active
NLog/NLog,1374,5575,5504,0,2871,2402,6840,578,2202,182,1,0,Active
directus/directus,3835,17149,16622,25,8559,7481,12330,30,3154,432,0,0,Active
coreos/flannel,2871,2078,2042,7,956,745,1644,773,259,217,0,0,Active
cwRichardKim/RKNotificationHub,326,39,36,0,14,12,132,334,51,11,0,93,Active
heroku/react-refetch,140,270,219,17,117,90,648,441,292,65,0,0,Active
OfficeDev/office-ui-fabric-core,465,1275,1191,10,613,528,2427,488,783,61,0,0,Active
Tencent/GT,1027,94,25,2,3,3,74,313,34,5,0,0,Active
emberjs/data,1330,9515,9423,35,6472,5000,9170,417,1256,338,1,0,Active
thoughtbot/clearance,457,1031,998,7,559,368,1637,1164,452,155,0,0,Active
emqtt/emqttd,2227,13219,13010,46,9181,8201,23746,287,2513,126,0,0,Active
tonsky/datascript,305,477,400,9,153,88,775,477,596,68,0,596,Active
docker/docker-py,1668,3280,2791,79,1548,1164,3410,1281,1713,385,2,0,Active
RNCryptor/RNCryptor,519,308,300,1,59,42,557,884,480,28,0,0,Active
garris/BackstopJS,602,1584,1032,55,447,340,1588,113,481,159,0,1190,Active
picocms/Pico,614,700,686,4,165,81,901,188,707,36,0,17,Active
asciimoo/searx,1708,3204,2865,38,1441,1152,4583,1614,1239,159,0,0,Active
phan/phan,359,4881,3933,12,2099,2026,7276,1117,5361,107,0,0,Active
Studio-42/elFinder,1415,3468,3459,2,567,429,6877,609,4628,169,0,0,Active
nicolaskruchten/pivottable,1077,1359,977,18,107,52,771,1470,684,35,0,684,Active
mapbox/mapbox-gl-js,2216,13209,11924,32,5450,4624,11688,565,1621,348,0,0,Active
hybridauth/hybridauth,1126,1412,1326,20,637,538,1730,495,286,224,0,0,Active
adnanh/webhook,828,653,549,23,215,171,533,190,220,50,0,329,Active
Quick/Nimble,602,1142,1110,6,680,594,1947,772,482,116,0,0,Active
matrix-org/synapse,2128,16616,15086,65,9988,8988,23441,736,7432,376,1,0,Active
googlevr/gvr-android-sdk,1283,642,583,1,17,0,61,217,38,8,0,0,Active
tsuru/tsuru,525,2727,2705,15,1193,1085,15761,169,5017,119,0,0,Active
JrCs/docker-letsencrypt-nginx-proxy-companion,823,1028,979,7,353,275,781,686,521,72,0,0,Active
OpenKinect/libfreenect,1149,690,548,13,297,94,735,847,171,71,0,0,Active
stampit-org/stampit,102,357,351,0,162,130,666,278,217,32,0,0,Active
chrismiles/CMPopTipView,466,138,106,9,67,45,206,461,95,31,0,93,Active
nteract/hydrogen,334,2154,1973,11,870,723,2371,240,650,78,9,0,Active
kean/Nuke,528,779,759,2,282,242,3223,181,2567,74,0,3048,Active
jazzband/pip-tools,612,2094,1900,29,994,806,2175,671,488,186,2,0,Active
fengyuanchen/viewerjs,1237,607,568,7,63,24,511,183,363,19,0,417,Active
aws/aws-sdk-ruby,1225,3062,3038,6,1438,1160,7540,364,3429,207,0,0,Active
danklammer/bytesize-icons,229,36,30,2,10,7,146,332,137,7,0,137,Active
google/closure-library,1045,1239,1239,0,576,244,10301,636,1245,134,0,0,Active
ecomfe/zrender,1561,1095,741,38,456,392,2768,89,614,48,0,0,Active
IdentityServer/IdentityServer4,4021,5470,5470,0,932,692,3280,596,1714,273,0,0,Active
css/csso,188,478,380,3,86,65,1088,321,606,43,0,0,Active
gorhill/uMatrix,473,1011,945,4,68,41,1610,472,757,33,0,1263,Active
api-platform/api-platform,960,2566,1922,10,545,424,810,116,468,95,3,0,Active
kbengine/kbengine,2329,1436,1263,8,392,306,6641,89,5097,31,0,3815,Active
Financial-Times/polyfill-service,741,2734,2706,6,1845,1512,4182,166,1552,166,0,5,Active
centrifugal/centrifugo,593,886,862,4,416,346,1690,73,769,38,0,0,Active
Behat/Behat,608,1475,1364,25,546,370,3131,635,1583,142,0,0,Active
bshaffer/oauth2-server-php,953,1066,788,27,353,222,947,1232,661,76,0,659,Active
diesel-rs/diesel,1063,3665,3519,40,2035,1708,6384,771,1974,358,0,0,Active
Skyscanner/SkyFloatingLabelTextField,542,349,265,14,126,83,499,258,164,43,0,0,Active
asaskevich/govalidator,554,498,332,58,196,163,590,547,325,89,0,296,Active
sindresorhus/got,934,2151,2030,0,692,533,1522,86,466,187,0,447,Active
ArtSabintsev/Harpy,306,95,95,0,95,52,410,96,301,34,0,345,Active
Hacker0x01/react-datepicker,2241,5066,4757,11,2757,2058,5117,48,2333,401,0,0,Active
mrclay/minify,472,713,655,0,161,103,795,472,456,36,0,456,Active
siddontang/ledisdb,434,413,412,1,96,72,954,393,673,22,0,0,Active
owncloud/android,3053,4476,4182,17,2036,1522,12974,791,1974,94,2,0,Active
clientIO/joint,852,2127,2092,5,1381,1260,1712,175,794,80,0,0,Active
hyperoslo/Hue,223,76,74,0,55,48,231,380,129,26,0,73,Active
roundcube/roundcubemail,1635,9643,9238,58,1142,669,13229,1317,6180,265,0,0,Active
noflo/noflo,262,1050,1008,10,748,347,2707,866,1984,26,0,0,Active
521dimensions/amplitudejs,425,435,361,12,53,40,482,259,214,26,0,0,Active
ArtSabintsev/Siren,407,424,423,0,150,109,923,238,719,54,0,774,Active
aseprite/aseprite,5934,4617,3000,29,738,287,9672,833,8849,113,0,0,Active
inversify/InversifyJS,714,1549,1253,15,652,510,1483,194,397,107,0,0,Active
fex-team/fis3,694,1332,813,19,94,73,1458,611,595,42,0,0,Active
google/benchmark,1620,1835,1676,10,1081,845,1567,146,374,303,0,0,Active
Ereza/CustomActivityOnCrash,543,99,92,1,21,9,112,821,98,7,0,90,Active
golemfactory/golem,4,3,1,0,0,0,4,0,2,2,2,0,Active
phw/peek,319,1327,616,4,105,89,1428,727,890,126,0,889,Active
szwacz/electron-boilerplate,490,313,310,2,105,64,447,367,326,41,0,326,Active
andersao/l5-repository,876,804,555,22,290,167,488,365,167,88,0,161,Active
kubernetes/dashboard,4151,9452,9312,21,6524,4765,5468,70,1446,361,31,0,Active
micha/resty,143,95,77,6,22,17,393,763,180,14,0,180,Active
react-native-community/react-native-svg,1122,2468,2313,28,761,562,2079,483,920,201,0,0,Active
fibjs/fibjs,300,788,752,0,511,413,6577,89,3641,30,0,0,Active
laravel/homestead,1448,1985,1972,5,1087,747,1310,90,391,245,0,0,Active
getsentry/raven-js,1561,13236,12746,63,7720,6660,10335,673,1111,418,3,0,Active
FreeRDP/FreeRDP,14798,10270,9955,16,5811,5231,19880,889,4840,314,0,0,Active
neon-bindings/neon,284,1080,974,13,503,403,1938,398,520,68,0,0,Active
Project-OSRM/osrm-backend,3367,6989,6558,27,2396,1920,8693,772,2702,157,0,0,Active
owner888/phpspider,1177,169,46,13,6,2,387,578,279,3,0,240,Active
apiaryio/dredd,279,2295,2036,49,1461,832,3310,471,1655,74,1,0,Active
giggsey/libphonenumber-for-php,466,657,655,0,350,306,1112,119,875,60,0,880,Active
phalcon/zephir,466,2373,2265,4,1182,1027,6043,2025,1256,82,0,0,Active
Dash-Industry-Forum/dash.js,1677,4486,4354,13,2226,1973,6719,230,1124,173,0,0,Active
SeleniumHQ/docker-selenium,2509,2402,2359,3,896,702,1712,188,532,182,0,0,Active
phpro/grumphp,429,1116,1097,9,641,537,2117,214,1158,182,0,0,Active
googlevr/gvr-unity-sdk,1090,1064,1004,1,34,0,61,113,19,7,0,0,Active
sqlectron/sqlectron-gui,524,731,578,2,266,239,1062,646,659,38,0,0,Active
hickford/MechanicalSoup,376,440,397,11,255,213,647,586,220,46,0,0,Active
froala/wysiwyg-editor,672,4808,3692,38,64,2,3177,105,2407,15,0,0,Active
jhnns/rewire,127,214,162,3,54,32,324,686,167,23,0,276,Active
maximebf/php-debugbar,402,687,564,12,426,357,748,213,221,136,0,216,Active
sschmid/Entitas-CSharp,1109,1078,978,2,120,84,2437,1050,2363,24,0,2363,Active
jflesch/paperwork,149,783,643,0,103,87,3266,103,2937,38,0,0,Active
honestbleeps/Reddit-Enhancement-Suite,879,5487,4820,72,3253,2811,10194,557,1947,283,0,1509,Active
termux/termux-app,3727,3104,2718,43,387,159,1467,723,593,75,0,0,Active
devxoul/Then,291,99,86,6,50,32,149,513,106,16,0,120,Active
star7th/showdoc,2187,2269,1958,3,97,64,1589,56,1498,31,0,1297,Active
3lvis/Sync,263,596,585,2,297,240,1764,1191,1475,28,0,1407,Active
dlew/joda-time-android,183,349,346,0,184,176,530,256,328,16,0,503,Active
qmk/qmk_firmware,39030,24445,23820,326,20931,16608,27978,732,5023,388,0,0,Active
mikepenz/FastAdapter,494,1046,1037,2,253,223,1913,217,1429,50,0,1429,Active
dokan-dev/dokany,666,1149,1055,5,244,175,1692,619,730,59,0,0,Active
wbotelhos/raty,650,252,195,6,59,37,721,2157,609,31,0,646,Active
nopSolutions/nopCommerce,5302,7330,7213,21,991,403,14920,611,3554,176,0,0,Active
aspnet/KestrelHttpServer,528,3000,3000,0,1542,1153,2219,147,491,78,1,0,Active
ueberauth/guardian,380,734,733,0,409,352,508,291,180,154,0,0,Active
emacs-helm/helm,390,2638,2632,0,628,475,12368,162,9741,164,0,0,Active
dmfay/massive-js,159,679,668,5,323,285,1126,266,603,68,0,580,Active
PrismLibrary/Prism,1643,2771,2730,6,944,766,3456,495,1280,130,0,0,Active
iron-io/functions,226,702,608,9,386,329,904,789,173,32,0,0,Active
pornel/pngquant,483,420,367,0,70,52,1206,1826,414,43,0,1098,Active
RichardKnop/machinery,915,821,581,30,337,277,1056,571,651,106,0,642,Active
mizzy/serverspec,369,515,515,0,515,449,1905,328,1427,103,0,1416,Active
hhatto/autopep8,290,769,644,5,257,211,2942,470,1003,51,0,667,Active
TimOliver/TOCropViewController,938,587,492,5,196,160,919,251,661,85,0,655,Active
WebAssembly/binaryen,740,6957,6255,150,5390,5054,7407,23,4489,171,0,0,Active
VirusTotal/yara,1439,2087,1911,23,1001,809,3192,382,1842,195,0,0,Active
go-swagger/go-swagger,1251,3087,2493,20,1119,975,3136,1188,1935,282,0,0,Active
jpillora/chisel,1349,530,299,47,154,48,239,359,124,37,0,124,Active
PHP-FFMpeg/PHP-FFMpeg,885,925,609,35,213,152,679,388,315,63,0,0,Active
buttercup/buttercup-desktop,331,1338,1188,0,467,436,2567,137,1137,88,0,0,Active
oliviertassinari/react-swipeable-views,480,685,602,8,278,197,600,267,487,60,0,441,Active
frida/frida,1645,2924,1292,2,132,106,4323,271,4176,39,0,0,Active
mikepenz/AboutLibraries,420,1000,992,1,546,499,2375,364,1959,118,0,1958,Active
shogun-toolbox/shogun,1038,5177,4750,10,3639,2939,17589,1106,4338,177,0,0,Active
ngx-translate/core,574,1453,968,33,209,124,461,547,312,94,0,0,Active
stuyam/pressure,97,110,88,8,31,28,279,649,255,8,0,263,Active
mapnik/mapnik,826,4474,3752,49,845,730,13994,979,6153,91,0,0,Active
google/shaka-player,1334,7385,7295,4,2815,2454,6208,271,2267,235,0,0,Active
cryptomator/cryptomator,1016,2717,2453,10,515,377,5431,190,2638,55,0,0,Active
ThingEngineer/PHP-MySQLi-Database-Class,1343,1025,800,27,241,169,573,699,380,59,0,43,Active
ruslanskorb/RSKImageCropper,470,255,254,0,89,62,417,223,383,14,0,383,Active
meandmax/lory,244,794,751,25,625,292,783,105,489,26,0,0,Active
ppwwyyxx/tensorpack,1810,1561,1548,1,205,151,2944,205,2738,51,0,0,Active
kpumuk/meta-tags,275,315,300,2,191,126,635,690,514,49,0,514,Active
streamlink/streamlink,1109,5713,5645,6,2804,2532,5316,504,1581,267,0,0,Active
Netflix/ribbon,1238,517,300,40,221,189,904,448,370,39,0,0,Active
vitalets/angular-xeditable,403,786,674,9,168,108,561,693,271,40,0,103,Active
phpseclib/phpseclib,890,2016,1790,17,888,556,5496,250,3804,138,0,0,Active
mongodb/mongo-java-driver,1478,1527,1512,15,1512,960,8455,794,4270,168,0,0,Active
junit-team/junit5,1482,3962,3827,21,1641,1030,8559,353,3017,222,0,0,Active
CMB2/CMB2,571,1513,1241,32,375,217,2814,635,2133,110,0,0,Active
jenssegers/agent,474,214,133,6,59,36,204,143,155,23,0,126,Active
snabbco/snabb,300,1527,1323,27,1123,845,10332,1568,2219,67,0,0,Active
raphw/byte-buddy,805,1686,1658,0,246,185,7244,37,6294,90,0,5247,Active
spatie/laravel-medialibrary,1072,2797,2785,5,1067,697,2506,70,899,345,0,0,Active
webonyx/graphql-php,562,1522,1468,16,961,823,2022,367,532,126,0,0,Active
spotify/helios,234,1304,1287,14,1143,955,2458,1540,680,47,1,0,Active
kubernetes/heapster,1251,2111,2111,0,1287,1083,2485,285,380,156,0,0,Active
mRemoteNG/mRemoteNG,1405,2612,1763,0,473,389,5269,702,2062,98,0,0,Active
ninject/Ninject,531,404,314,7,110,88,837,1111,227,29,0,0,Active
louthy/language-ext,418,1148,1093,2,362,278,3589,503,2660,81,0,2154,Active
collectd/collectd,1230,4327,3567,180,2311,1498,11982,2015,4770,314,0,0,Active
bitpay/copay,54,1,1,0,1,0,7,3,7,1,0,0,Active
elastic/curator,636,1727,1606,9,783,681,1704,630,1375,120,15,0,Active
javiereguiluz/EasyAdminBundle,1,2,1,1,1,0,5449,282,4274,337,0,4274,Active
itinance/react-native-fs,978,1233,614,68,292,211,807,226,257,151,0,270,Active
jcubic/jquery.terminal,568,949,872,0,90,52,3518,79,3382,39,0,3418,Active
astrada/google-drive-ocamlfuse,354,886,638,3,25,23,680,677,653,19,0,656,Active
longitachi/ZLPhotoBrowser,968,937,897,0,72,46,784,77,624,24,0,691,Active
videojs/videojs-contrib-hls,792,1431,1431,0,662,421,1491,250,641,55,0,0,Active
nameko/nameko,470,781,688,27,486,410,2599,435,1227,38,0,0,Active
samratashok/nishang,2440,98,76,6,33,20,339,558,204,11,0,312,Active
davidkpiano/react-redux-form,252,1227,1043,15,317,199,1701,130,1370,90,0,1370,Active
tarantool/tarantool,379,10418,9048,83,3075,2495,18762,1421,3687,152,0,0,Active
moneyphp/money,441,798,791,5,455,287,878,586,268,85,0,0,Active
NorthwoodsSoftware/GoJS,2860,214,213,0,51,26,419,76,214,11,0,0,Active
ReactiveCocoa/ReactiveSwift,432,882,864,5,589,472,8745,410,2495,222,0,0,Active
graphql-dotnet/graphql-dotnet,922,4015,3900,24,2234,1846,2498,262,601,159,0,0,Active
actionhero/actionhero,260,2848,2821,21,2118,1736,5360,36,3697,102,1,0,Active
drush-ops/drush,1082,6134,5698,55,2929,2142,8756,678,3715,314,0,0,Active
laracasts/Laravel-5-Generators-Extended,347,206,175,16,72,38,171,492,71,25,0,0,Active
jarun/Buku,294,765,743,1,362,313,2106,249,1309,69,0,1427,Active
nutzam/nutz,942,1612,1549,10,264,204,6285,337,1686,68,0,0,Active
sheerun/vim-polyglot,298,852,756,17,257,56,890,167,814,47,0,814,Active
Zewo/Zewo,88,262,262,0,90,67,460,712,345,29,0,0,Active
postcss/postcss-loader,211,695,694,0,319,274,585,381,211,83,0,0,Active
DamnWidget/anaconda,260,941,757,6,140,120,994,311,655,69,0,783,Active
CorsixTH/CorsixTH,365,2594,2356,17,1322,1091,4611,1071,1221,98,0,0,Active
Microsoft/ELL,295,262,229,3,44,13,3771,336,1280,19,8,0,Active
espressif/esptool,1375,1018,987,1,187,81,1264,924,458,112,0,0,Active
pwittchen/ReactiveNetwork,274,471,434,2,203,182,734,837,648,10,0,218,Active
mit-nlp/MITIE,535,215,198,0,25,21,5158,505,4763,22,0,0,Active
htacg/tidy-html5,418,1122,923,16,297,218,1728,1571,747,78,0,0,Active
qTox/qTox,1043,6647,6037,28,3089,2561,8298,1032,909,244,0,0,Active
netguru/ResponseDetective,92,71,60,2,26,20,414,397,355,7,0,0,Active
jwilder/dockerize,414,209,154,15,84,62,192,496,114,40,0,114,Active
hyperhq/hyperd,194,749,699,1,461,408,1200,238,224,28,0,0,Active
jMonkeyEngine/jmonkeyengine,1122,2285,2053,34,1244,1026,7962,543,1442,149,0,0,Active
PHPSocialNetwork/phpfastcache,451,891,887,2,414,393,2014,232,1096,62,0,0,Active
GoogleCloudPlatform/google-cloud-node,592,5704,5576,7,3759,3205,24583,167,4355,244,3,0,Active
FriendsOfSymfony/FOSRestBundle,703,2410,2254,12,1269,983,3400,760,1086,275,0,0,Active
SixLabors/ImageSharp,852,2202,2157,9,1273,1157,13517,379,4822,160,0,0,Active
mysticatea/npm-run-all,240,258,151,13,51,27,267,201,237,21,0,237,Active
Qihoo360/pika,1192,2788,2739,11,1524,1241,2122,923,280,126,0,0,Active
remiprev/her,323,551,434,28,230,128,919,591,346,71,0,498,Active
vitaly-t/pg-promise,217,866,865,0,139,109,2658,189,2581,33,0,2511,Active
vector-im/riot-web,1982,26549,23160,23,3333,2911,14145,196,2364,340,1,0,Active
pritunl/pritunl,607,130,126,4,126,52,14293,50,14229,30,0,0,Active
inikulin/parse5,232,1299,1267,6,962,834,1477,426,695,34,0,531,Active
infobyte/faraday,915,500,450,11,60,21,12621,262,1675,40,0,0,Active
Clipy/Clipy,633,538,297,18,145,132,470,744,291,16,0,0,Active
lanayotech/vagrant-manager,84,190,171,1,9,5,353,389,214,9,0,0,Active
MediaBrowser/Emby,805,3847,3716,8,2072,1803,15005,148,11104,113,0,0,Active
coleifer/huey,370,816,816,0,179,81,1005,257,888,52,0,791,Active
roots/trellis,609,1541,1517,7,977,805,1900,1108,1001,116,0,0,Active
kimmobrunfeldt/concurrently,0,0,0,0,0,0,4,0,4,1,0,4,Active
PaulLeCam/react-leaflet,885,1136,1107,2,275,147,595,427,431,107,0,429,Active
LWJGL/lwjgl3,635,976,891,2,171,117,4085,595,3785,45,0,0,Active
convox/rack,179,2582,2570,12,2570,999,8396,150,4124,87,0,0,Active
nanoc/nanoc,242,1678,1658,0,1029,848,7347,252,6953,89,0,0,Active
pytransitions/transitions,529,669,658,3,205,174,1100,613,699,62,0,0,Active
gotev/android-upload-service,690,666,662,1,90,51,806,310,732,24,0,637,Active
ionic-team/ionic-native,2424,4807,4795,5,2504,2124,4631,114,592,416,0,805,Active
sonata-project/SonataAdminBundle,1260,8140,8119,7,5439,4199,8290,891,1349,333,0,0,Active
mlaursen/react-md,300,1462,1415,0,740,425,5201,277,4578,67,0,4814,Active
mar10/fancytree,603,1148,1147,1,192,117,1885,255,834,48,0,1704,Active
ruflin/Elastica,733,2209,2087,15,1500,1315,3429,213,817,284,0,1357,Active
slackapi/node-slack-sdk,662,2069,2033,10,1142,967,2523,377,741,167,0,0,Active
btraceio/btrace,959,679,677,1,246,196,1530,370,706,24,0,0,Active
hkellaway/Gloss,142,367,367,0,229,198,705,305,392,27,0,18,Active
jasonlong/isometric-contributions,163,320,320,0,223,207,679,253,489,23,0,270,Active
deanoemcke/thegreatsuspender,906,1366,974,17,113,77,1536,431,1072,39,0,2,Active
erikdoe/ocmock,606,541,496,22,286,179,1141,674,855,61,0,852,Active
TwidereProject/Twidere-Android,377,1477,1142,3,144,101,3232,563,2791,37,0,0,Active
mcamara/laravel-localization,515,911,829,14,253,194,538,214,246,108,0,10,Active
reactjs/react-docgen,296,934,823,14,581,468,2284,518,1131,75,0,0,Active
Lone-Coder/letsencrypt-win-simple,816,2336,2302,8,375,305,3046,305,1495,93,0,0,Active
canjs/canjs,421,5514,5202,13,3354,1852,11238,406,2447,163,0,0,Active
lj2007331/lnmp,765,27,27,0,27,5,781,171,616,6,0,380,Active
bustoutsolutions/siesta,159,317,290,7,132,124,1320,593,1224,23,0,0,Active
FrDH/jQuery.dotdotdot,339,66,65,1,65,37,170,262,65,27,0,0,Active
hacdias/filemanager,2998,3129,3043,10,736,512,2526,311,1595,171,0,0,Active
go-playground/validator,1320,1280,951,74,507,415,1060,170,512,192,0,0,Active
ai/visibilityjs,108,52,49,0,26,22,272,1959,143,18,0,246,Active
Automattic/simplenote-electron,558,3228,3014,14,1643,1431,2119,794,269,72,4,0,Active
mgechev/codelyzer,233,1041,959,48,403,354,997,65,479,53,0,597,Active
Netflix/archaius,485,714,676,8,489,421,752,377,351,29,0,0,Active
hadley/devtools,758,2529,2496,5,716,481,3491,345,1203,150,0,0,Active
quantmind/pulsar,162,321,292,1,68,44,2435,117,1304,18,0,0,Active
vispy/vispy,617,2627,2263,40,1148,977,7401,1078,1218,163,1,0,Active
1N3/Sn1per,1841,390,383,3,53,38,609,154,162,25,0,159,Active
nelmio/alice,329,1221,1174,1,715,626,1042,217,418,131,0,0,Active
alignedleft/d3-book,1790,52,36,2,14,0,123,609,123,1,0,16,Active
facelessuser/BracketHighlighter,245,632,622,1,137,113,878,311,527,51,0,724,Active
Polidea/RxAndroidBle,583,861,801,4,260,224,1007,186,608,43,0,615,Active
rom-rb/rom,161,687,658,3,360,309,5174,490,3461,81,1,0,Active
WebGoat/WebGoat,5431,1887,1826,16,1172,656,3010,245,884,105,0,0,Active
openstreetmap/iD,1206,10287,9009,96,2875,1980,15828,619,4511,337,0,0,Active
aspnet/Identity,868,1962,1962,0,662,371,1255,118,360,86,1,0,Active
pika/pika,843,1444,1404,7,596,456,2520,715,1077,166,0,0,Active
mozilla/MozDef,328,1723,1723,0,1332,1191,5995,253,2217,35,12,0,Active
nabla-c0d3/sslyze,450,665,630,9,134,89,1883,275,1483,58,0,1750,Active
igniterealtime/Openfire,1365,2555,2533,22,2533,2267,11306,543,2374,139,0,0,Active
stripe/stripe-php,850,1761,1746,4,1197,1010,2360,278,416,173,0,0,Active
tdebatty/java-string-similarity,412,66,53,1,21,17,245,384,193,13,0,204,Active
w3c/web-platform-tests,3086,47661,45353,958,43282,38413,62801,3695,3053,332,0,0,Active
thephpleague/csv,333,540,538,0,223,184,1533,123,785,61,0,0,Active
liferay/alloy-ui,675,169,168,1,88,30,5396,1242,1711,66,0,0,Active
ermouth/jQuery.my,114,56,54,0,5,3,81,660,79,3,0,79,Active
cesanta/mongoose-os,430,613,521,8,96,50,4740,163,1685,36,0,0,Active
gruntjs/grunt-contrib-uglify,348,583,556,3,187,105,379,482,57,55,0,0,Active
kriswallsmith/Buzz,250,432,423,1,298,212,511,773,248,52,0,248,Active
octokit/octokit.net,1074,2844,2793,6,1593,1332,5135,331,1230,272,0,0,Active
swagger-api/swagger-js,760,3679,3627,5,2762,2299,4236,66,1535,200,0,0,Active
M66B/NetGuard,215,258,258,0,258,187,3874,154,3430,32,0,3632,Active
codeclimate/codeclimate,247,1126,1053,11,866,756,1398,303,251,63,0,0,Active
Microsoft/vscode-react-native,266,2189,2178,1,1242,1130,1993,54,296,70,8,0,Active
rap2hpoutre/laravel-log-viewer,373,303,255,9,124,77,230,398,61,55,0,146,Active
GovernmentCommunicationsHeadquarters/Gaffer,350,3301,3162,7,1703,1406,7288,52,3130,66,0,0,Active
cloudfoundry/bosh,657,2559,2539,6,1219,709,20687,528,1359,153,7,0,Active
lyst/lightfm,693,711,554,12,196,168,483,278,247,33,0,0,Active
mltframework/shotcut,1126,1588,1534,2,385,306,6369,164,5389,57,0,0,Active
nana-4/materia-theme,255,629,528,0,103,78,1652,507,1508,30,0,1568,Active
preciousforever/sketch-data-populator,113,284,260,9,64,53,456,594,238,14,0,0,Active
phpspec/phpspec,277,1476,1340,7,846,645,3253,1009,1372,137,0,0,Active
reactjs/React.NET,934,1340,1235,55,624,447,1067,216,424,67,0,0,Active
